冤,1
皑,1
蜀,1
崔,1
掠,1
旷,1
谦,1
却,1
差,1
撂,1
劾,1
苯,1
嫣,1
偿,1
谓,1
胤,1
袅,1
琅,1
薑,1
娜,1
坟,1
荟,1
详,1
巧,1
蚪,1
雄,1
孵,1
匪,1
枚,1
疴,1
晔,1
酆,1
迕,1
苞,1
所,1
塾,1
左,1
浮,1
薤,1
苔,1
倪,1
型,1
恽,1
基,1
铯,1
锺,1
蹲,1
硖,1
滞,1
迆,1
胰,1
驷,1
滉,1
诵,1
夾,1
缌,1
翔,1
閒,1
妍,1
虻,1
逻,1
转,1
块,1
樽,1
咏,1
爷,1
蛞,1
盛,1
炬,1
婢,1
荐,1
妒,1
锯,1
痱,1
沌,1
弹,1
壕,1
恃,1
瞇,1
斋,1
戽,1
灸,1
祟,1
驭,1
缸,1
后,1
砂,1
瑰,1
悸,1
措,1
憔,1
甡,1
阉,1
買,1
家,1
磕,1
到,1
葑,1
溅,1
俅,1
戊,1
垮,1
系,1
珂,1
须,1
老,1
减,1
徉,1
洄,1
梗,1
橡,1
洗,1
已,1
辨,1
揭,1
扎,1
呜,1
暖,1
收,1
乡,1
嘲,1
莓,1
滋,1
镰,1
裹,1
视,1
紤,1
绉,1
盆,1
雉,1
眩,1
抗,1
颍,1
强,1
恚,1
玑,1
倥,1
黠,1
匕,1
璃,1
肛,1
捅,1
陸,1
肌,1
辣,1
敬,1
御,1
隙,1
斩,1
褒,1
卑,1
奸,1
澳,1
芸,1
卸,1
孜,1
蛛,1
偌,1
塘,1
門,1
蔑,1
蒙,1
宏,1
向,1
啪,1
懿,1
鲨,1
命,1
撞,1
永,1
弃,1
惜,1
來,1
捶,1
茹,1
瓢,1
実,1
役,1
仲,1
霎,1
逼,1
框,1
耻,1
忧,1
悯,1
属,1
烤,1
溪,1
岐,1
在,1
屯,1
剑,1
康,1
旗,1
纽,1
岂,1
吸,1
宵,1
齐,1
蹋,1
技,1
降,1
糖,1
缈,1
逆,1
觅,1
窈,1
挝,1
怙,1
汲,1
阕,1
毋,1
椰,1
黛,1
寇,1
殿,1
硂,1
纸,1
箭,1
努,1
培,1
踏,1
湿,1
海,1
坛,1
宓,1
溺,1
漕,1
刷,1
戎,1
练,1
俸,1
汴,1
牯,1
拟,1
碑,1
犬,1
忡,1
拽,1
威,1
稳,1
狲,1
妖,1
跳,1
傅,1
膝,1
擂,1
绔,1
昏,1
冠,1
局,1
近,1
滥,1
让,1
哔,1
绡,1
锱,1
眵,1
洒,1
迁,1
佼,1
淑,1
钿,1
聘,1
囱,1
己,1
赳,1
钉,1
印,1
抒,1
轻,1
黯,1
剥,1
猪,1
壮,1
珊,1
纲,1
献,1
钩,1
轵,1
线,1
灾,1
绑,1
咳,1
窒,1
醄,1
崭,1
昝,1
艋,1
戒,1
抄,1
衿,1
稀,1
嗟,1
捕,1
柴,1
废,1
鳃,1
缩,1
酿,1
朔,1
捍,1
坝,1
速,1
婿,1
榇,1
耷,1
衣,1
氢,1
虮,1
菊,1
佻,1
隧,1
造,1
打,1
蜗,1
富,1
戬,1
泽,1
种,1
瓣,1
倭,1
套,1
粤,1
挟,1
英,1
唁,1
琨,1
喑,1
逑,1
导,1
需,1
甭,1
韧,1
傍,1
擦,1
凄,1
饥,1
靳,1
鬼,1
哇,1
芜,1
滇,1
沈,1
豉,1
览,1
悠,1
狼,1
睦,1
弟,1
缄,1
侃,1
堪,1
茧,1
见,1
匝,1
苑,1
跨,1
硫,1
即,1
昉,1
啐,1
皿,1
帜,1
襄,1
咬,1
粪,1
既,1
畏,1
把,1
俊,1
长,1
哄,1
狠,1
炸,1
侬,1
湛,1
慕,1
像,1
惨,1
豺,1
挡,1
怀,1
峰,1
隽,1
犹,1
葛,1
吐,1
悻,1
浦,1
跃,1
投,1
诏,1
吩,1
煎,1
凉,1
普,1
棠,1
狗,1
刽,1
疾,1
迹,1
勿,1
牙,1
敝,1
蓬,1
迫,1
沏,1
铂,1
拂,1
责,1
罩,1
卓,1
割,1
浍,1
垦,1
裤,1
番,1
贷,1
吋,1
蚤,1
维,1
渗,1
塑,1
垡,1
牧,1
哟,1
唤,1
递,1
她,1
激,1
蒋,1
螃,1
诚,1
痕,1
挠,1
徭,1
央,1
饼,1
甬,1
啼,1
俘,1
糜,1
猛,1
洞,1
疽,1
蝈,1
罐,1
莱,1
梨,1
秩,1
殃,1
颗,1
翼,1
噎,1
随,1
冑,1
聿,1
诀,1
拌,1
遍,1
狎,1
喂,1
壤,1
约,1
涌,1
碍,1
表,1
搏,1
补,1
垛,1
讹,1
额,1
妨,1
沸,1
涟,1
愤,1
栓,1
诊,1
纥,1
歉,1
宗,1
皱,1
匀,1
寓,1
颊,1
石,1
瘦,1
蚊,1
柿,1
键,1
址,1
浛,1
院,1
篑,1
恻,1
谁,1
翥,1
熟,1
韵,1
妃,1
啦,1
罕,1
诛,1
挖,1
寄,1
氟,1
棹,1
绦,1
弦,1
暑,1
屑,1
侨,1
楣,1
荑,1
垤,1
诎,1
凸,1
宽,1
腿,1
眹,1
垭,1
赻,1
瞅,1
娬,1
危,1
朩,1
捞,1
贿,1
诳,1
晿,1
排,1
刈,1
鼩,1
违,1
撒,1
昫,1
诲,1
肝,1
椒,1
逡,1
玓,1
凬,1
恍,1
漪,1
挞,1
窥,1
沣,1
盗,1
抠,1
锗,1
施,1
教,1
创,1
煮,1
肒,1
畗,1
胇,1
趇,1
纹,1
鲂,1
蛔,1
爆,1
浆,1
街,1
祚,1
泌,1
泣,1
奄,1
辐,1
泱,1
郁,1
跎,1
逗,1
旻,1
站,1
茓,1
伒,1
虚,1
梭,1
菠,1
簧,1
讦,1
皫,1
币,1
盏,1
㕣,1
贪,1
盔,1
桝,1
墟,1
忮,1
韩,1
祝,1
缕,1
泗,1
疯,1
沧,1
送,1
菼,1
钓,1
珅,1
绪,1
枢,1
涉,1
畀,1
彧,1
穗,1
棼,1
扦,1
憾,1
酣,1
瓠,1
摄,1
堆,1
啮,1
叫,1
甮,1
苿,1
纺,1
潕,1
跟,1
身,1
髓,1
屎,1
琪,1
浜,1
怷,1
枪,1
掱,1
棘,1
瞐,1
詊,1
肩,1
尼,1
酚,1
籽,1
螺,1
昵,1
邦,1
透,1
瀑,1
肪,1
螳,1
璐,1
骥,1
擒,1
衅,1
袄,1
购,1
嫖,1
鳅,1
晤,1
嫌,1
玡,1
犇,1
偶,1
逛,1
蚯,1
鹅,1
藩,1
夂,1
弥,1
薇,1
唠,1
粀,1
徘,1
扏,1
袱,1
炝,1
圉,1
扅,1
耆,1
瘁,1
聶,1
喳,1
妄,1
囼,1
孽,1
荤,1
淅,1
奻,1
褚,1
域,1
围,1
码,1
昇,1
桐,1
烘,1
徜,1
佟,1
沂,1
察,1
囩,1
堵,1
刌,1
姗,1
苒,1
龆,1
点,1
痘,1
茫,1
愁,1
垫,1
忆,1
団,1
骸,1
脵,1
朊,1
嘿,1
手,1
柘,1
邗,1
鉴,1
沗,1
娶,1
琬,1
浕,1
甄,1
睡,1
杢,1
浓,1
笌,1
秚,1
脲,1
勽,1
眛,1
舱,1
讫,1
粗,1
脀,1
茢,1
赚,1
沃,1
钙,1
獐,1
洱,1
铝,1
茑,1
玻,1
钬,1
偓,1
芫,1
馨,1
邀,1
麾,1
亵,1
护,1
卆,1
浏,1
車,1
绅,1
舸,1
眚,1
霓,1
烦,1
冢,1
涢,1
阜,1
蓟,1
垚,1
腐,1
厕,1
趴,1
跕,1
娠,1
閤,1
圪,1
萦,1
炜,1
横,1
冐,1
雾,1
钊,1
辖,1
鲈,1
冗,1
渑,1
拗,1
炰,1
汊,1
肘,1
粽,1
坔,1
璟,1
卯,1
依,1
岆,1
瞒,1
姨,1
扯,1
棣,1
苂,1
唔,1
萧,1
爧,1
绢,1
酗,1
茒,1
踮,1
囲,1
陕,1
夵,1
肰,1
瑾,1
茀,1
嘈,1
呕,1
反,1
烋,1
煲,1
迥,1
嵘,1
杈,1
篮,1
芕,1
忝,1
畨,1
震,1
凝,1
娔,1
竡,1
刖,1
笞,1
槎,1
枇,1
复,1
燊,1
婚,1
蛇,1
筞,1
犁,1
寒,1
啤,1
氽,1
皛,1
鹭,1
橙,1
孚,1
挼,1
勉,1
尒,1
蜓,1
妮,1
屉,1
蹊,1
摈,1
嫔,1
苆,1
喵,1
蠱,1
拥,1
曳,1
挂,1
墓,1
犑,1
剡,1
螽,1
拖,1
整,1
苫,1
灻,1
菟,1
优,1
曱,1
瞩,1
胷,1
挫,1
粇,1
喝,1
魇,1
矼,1
携,1
旮,1
赈,1
氶,1
墅,1
娣,1
仂,1
坠,1
尥,1
醢,1
肮,1
俶,1
械,1
昕,1
昃,1
阎,1
芢,1
畩,1
辉,1
牷,1
浸,1
冞,1
粑,1
孴,1
樱,1
闱,1
猫,1
芷,1
檗,1
亾,1
桁,1
辑,1
菬,1
刑,1
骏,1
螶,1
炉,1
茭,1
梯,1
脌,1
腫,1
浪,1
映,1
砌,1
瞎,1
蜥,1
殙,1
苴,1
馬,1
探,1
芆,1
芔,1
荰,1
捎,1
脇,1
狳,1
胐,1
诬,1
埋,1
孟,1
鱽,1
肙,1
荕,1
畄,1
窯,1
苬,1
踪,1
杞,1
雁,1
耗,1
趝,1
糔,1
肕,1
泮,1
胕,1
冣,1
高,1
嚻,1
邱,1
症,1
咒,1
扩,1
眸,1
泠,1
荘,1
鸳,1
炕,1
蜃,1
轭,1
馋,1
婕,1
泺,1
仫,1
呗,1
脅,1
桥,1
沊,1
哨,1
骞,1
鸾,1
镂,1
彦,1
滂,1
荨,1
熔,1
箫,1
艽,1
钟,1
朕,1
酝,1
伺,1
矛,1
忏,1
荏,1
恪,1
僮,1
淬,1
戥,1
槊,1
迪,1
蚴,1
踯,1
钜,1
趿,1
毡,1
夜,1
谤,1
碛,1
砖,1
缠,1
厝,1
呖,1
痛,1
披,1
珐,1
惹,1
饱,1
褫,1
话,1
鹦,1
绺,1
葩,1
饲,1
呀,1
睹,1
礴,1
针,1
桩,1
濡,1
郓,1
琥,1
奁,1
妗,1
淝,1
晷,1
逍,1
稍,1
蛸,1
类,1
漓,1
垄,1
拓,1
柠,1
膨,1
婀,1
燥,1
邡,1
滤,1
式,1
骊,1
吼,1
锐,1
遥,1
堑,1
螟,1
甍,1
靶,1
芊,1
惺,1
惑,1
舢,1
舴,1
瘸,1
钨,1
颇,1
闾,1
雀,1
刻,1
筵,1
琦,1
汽,1
喉,1
娟,1
矧,1
焱,1
棋,1
嗦,1
辕,1
肋,1
饨,1
狞,1
洇,1
姹,1
均,1
愆,1
羯,1
哧,1
繁,1
瘤,1
栋,1
甸,1
哺,1
檀,1
姘,1
噙,1
氏,1
剁,1
酋,1
沾,1
蛩,1
漉,1
楠,1
杷,1
涨,1
溧,1
汉,1
玷,1
泾,1
恙,1
惕,1
促,1
绚,1
镝,1
铸,1
辱,1
泫,1
酥,1
壁,1
鹂,1
啊,1
颚,1
谔,1
碟,1
蟆,1
毳,1
碜,1
攫,1
儆,1
侦,1
跺,1
痢,1
掇,1
漯,1
啻,1
暝,1
溽,1
荥,1
骆,1
汜,1
罂,1
芭,1
轾,1
圯,1
丐,1
歆,1
雇,1
珉,1
掮,1
潇,1
漩,1
酷,1
瞬,1
憋,1
虱,1
骅,1
粱,1
佞,1
碳,1
娩,1
羁,1
骟,1
枋,1
驸,1
骒,1
蓦,1
黍,1
绩,1
汆,1
叠,1
菹,1
璧,1
蚜,1
珏,1
琶,1
泡,1
辫,1
俟,1
赭,1
傲,1
琉,1
笆,1
箕,1
邾,1
檎,1
槿,1
偎,1
倮,1
茵,1
泅,1
佶,1
侩,1
阍,1
咪,1
麋,1
糕,1
潺,1
殓,1
玫,1
鄯,1
橇,1
炳,1
萃,1
烬,1
奠,1
罡,1
纭,1
鲥,1
鲡,1
鳗,1
鲩,1
密,1
嗤,1
岌,1
录,1
苜,1
敷,1
卧,1
砷,1
审,1
铢,1
珀,1
瑗,1
膂,1
诤,1
榔,1
杼,1
粘,1
荃,1
莠,1
捧,1
殉,1
枸,1
嚎,1
盲,1
啜,1
弯,1
塍,1
懋,1
帝,1
钼,1
帕,1
敫,1
旌,1
臆,1
孺,1
缁,1
承,1
茜,1
栽,1
俚,1
怛,1
詈,1
彰,1
媚,1
搬,1
衮,1
昱,1
颔,1
钡,1
溏,1
族,1
讷,1
祥,1
臾,1
侑,1
敖,1
侔,1
洳,1
悲,1
怫,1
隋,1
宅,1
慝,1
磐,1
叔,1
皎,1
煌,1
惶,1
谭,1
霈,1
肺,1
柳,1
黟,1
瀚,1
胚,1
厚,1
塌,1
泞,1
扳,1
沼,1
沔,1
梏,1
鸢,1
识,1
笕,1
聒,1
垓,1
筚,1
策,1
篓,1
啭,1
鼯,1
赏,1
畲,1
恤,1
镍,1
弼,1
偕,2
快,2
东,2
曰,2
顺,2
胞,2
陌,2
卷,2
听,2
望,2
熊,2
酱,2
研,2
阂,2
臼,2
兽,2
鸠,2
卅,2
柱,2
叉,2
唧,2
叙,2
再,2
锈,2
传,2
债,2
畸,2
衷,2
斐,2
羚,2
裘,2
窜,2
匏,2
躺,2
敦,2
燮,2
檩,2
霸,2
峨,2
珠,2
帛,2
禺,2
衰,2
铎,2
尢,2
轴,2
准,2
捌,2
栾,2
虽,2
蛙,2
酤,2
芩,2
椽,2
疑,2
昂,2
荷,2
绸,2
姐,2
忐,2
糟,2
拾,2
廖,2
腮,2
囫,2
炭,2
嚣,2
铺,2
巢,2
闵,2
松,2
魁,2
茎,2
儒,2
霁,2
俭,2
鳞,2
解,2
馍,2
豳,2
煽,2
趁,2
搁,2
瞿,2
通,2
斜,2
娲,2
嗔,2
柄,2
睬,2
考,2
谐,2
艘,2
拱,2
隆,2
退,2
赦,2
赎,2
犟,2
跛,2
桦,2
亨,2
谛,2
笳,2
赶,2
脏,2
播,2
韶,2
农,2
螅,2
樊,2
篱,2
翕,2
亥,2
垂,2
癌,2
与,2
诡,2
顶,2
测,2
棺,2
驼,2
掌,2
坦,2
旖,2
锦,2
溃,2
伍,2
儫,2
悄,2
瑭,2
找,2
钰,2
岬,2
抵,2
亢,2
冼,2
酸,2
咔,2
隶,2
啁,2
秀,2
隐,2
绥,2
模,2
眭,2
界,2
恣,2
巷,2
吓,2
赖,2
场,2
忙,2
斯,2
噬,2
峡,2
舅,2
荀,2
厦,2
芮,2
佧,2
娑,2
商,2
棕,2
柚,2
粒,2
杉,2
福,2
轰,2
瑜,2
司,2
份,2
蔷,2
囍,2
唯,2
糊,2
暴,2
弋,2
杆,2
境,2
菲,2
仓,2
邪,2
战,2
益,2
眯,2
丫,2
恿,2
魏,2
例,2
怏,2
兄,2
裙,2
住,2
咸,2
气,2
匣,2
嫩,2
窖,2
摸,2
喋,2
行,2
朽,2
戚,2
殖,2
匡,2
冈,2
杀,2
逾,2
枣,2
轶,2
慨,2
澡,2
净,2
虹,2
断,2
博,2
载,2
寨,2
凶,2
赠,2
裸,2
舜,2
飨,2
布,2
坑,2
耽,2
冀,2
架,2
渊,2
羡,2
氧,2
抹,2
部,2
遗,2
冬,2
按,2
岗,2
霄,2
箩,2
辈,2
势,2
洛,2
藻,2
归,2
拐,2
脊,2
躁,2
稼,2
官,2
城,2
党,2
亦,2
监,2
膏,2
钱,2
绒,2
蜂,2
硬,2
兔,2
札,2
指,2
础,2
俑,2
狩,2
予,2
轮,2
进,2
葫,2
卿,2
贱,2
寅,2
改,2
终,2
给,2
贵,2
守,2
莽,2
鼓,2
厌,2
嗫,2
涔,2
衲,2
阔,2
奖,2
船,2
操,2
泄,2
誊,2
拳,2
俪,2
伙,2
驱,2
吗,2
宰,2
副,2
啃,2
郝,2
煜,2
靠,2
釜,2
阵,2
矮,2
娇,2
锣,2
脖,2
阴,2
狄,2
戌,2
欺,2
报,2
厅,2
太,2
纪,2
痒,2
洪,2
达,2
掘,2
负,2
辟,2
描,2
誉,2
掩,2
胭,2
猴,2
宫,2
拨,2
晓,2
抬,2
际,2
溜,2
跻,2
奴,2
区,2
簸,2
焦,2
脆,2
万,2
然,2
拈,2
锉,2
渡,2
佐,2
忤,2
辜,2
竖,2
卖,2
笈,2
帐,2
矽,2
酵,2
倦,2
氦,2
愚,2
巽,2
尤,2
讳,2
袈,2
漾,2
渥,2
股,2
轲,2
椎,2
帼,2
累,2
荒,2
淳,2
肃,2
吝,2
届,2
苛,2
鄙,2
鸽,2
惯,2
绘,2
慑,2
姥,2
助,2
镯,2
溢,2
谣,2
郡,2
晕,2
玺,2
伶,2
淀,2
绝,2
谅,2
湃,2
诩,2
敌,2
橹,2
豁,2
沮,2
民,2
哪,2
异,2
球,2
捏,2
扭,2
层,2
浙,2
恫,2
低,2
殚,2
栩,2
唢,2
翡,2
疲,2
填,2
蘑,2
趟,2
诈,2
浇,2
瓜,2
蜡,2
搞,2
绌,2
词,2
增,2
楼,2
陆,2
扒,2
乔,2
混,2
咆,2
纷,2
含,2
铡,2
预,2
瓦,2
径,2
搜,2
难,2
惠,2
伊,2
损,2
卫,2
惚,2
片,2
谊,2
胎,2
霍,2
帽,2
称,2
娥,2
畦,2
母,2
谒,2
蝇,2
争,2
彻,2
翅,2
圈,2
勾,2
禀,2
揍,2
泳,2
椿,2
礼,2
板,2
充,2
蓉,2
栈,2
唉,2
宾,2
残,2
酊,2
警,2
放,2
持,2
愈,2
或,2
嫂,2
乾,2
广,2
坚,2
秆,2
判,2
滕,2
淌,2
粮,2
舞,2
距,2
铁,2
疟,2
怡,2
鲸,2
琚,2
辇,2
檄,2
逢,2
朴,2
莎,2
怕,2
抛,2
聋,2
皋,2
腌,2
鸭,2
霖,2
疼,2
拄,2
甜,2
樵,2
篙,2
氯,2
厘,2
魔,2
苣,2
岭,2
佑,2
织,2
功,2
霞,2
扣,2
漫,2
庐,2
滑,2
洼,2
历,2
洋,2
衔,2
骤,2
缆,2
飘,2
深,2
峁,2
糗,2
狮,2
驯,2
卦,2
钎,2
尿,2
猎,2
矩,2
憨,2
莅,2
魅,2
蛋,2
鸬,2
挽,2
恢,2
抽,2
铧,2
鸥,2
妆,2
钍,2
糯,2
角,2
才,2
囧,2
讣,2
芨,2
咯,2
破,2
烨,2
初,2
芯,2
黄,2
躬,2
熹,2
脉,2
儡,2
第,2
沛,2
匾,2
姣,2
台,2
颖,2
闰,2
挥,2
陈,2
捱,2
饴,2
饮,2
店,2
揪,2
就,2
缺,2
牟,2
满,2
娆,2
嗅,2
毒,2
档,2
邵,2
侵,2
赴,2
爬,2
拙,2
务,2
湄,2
槐,2
苹,2
蝴,2
蒂,2
鲳,2
扈,2
嗯,2
稔,2
箔,2
槑,2
醐,2
誩,2
妯,2
叨,2
芙,2
甾,2
兮,2
洹,2
肼,2
久,2
菖,2
菁,2
菌,2
暂,2
梀,2
牲,2
刀,2
崖,2
野,2
腰,2
娄,2
叮,2
梁,2
秕,2
略,2
诃,2
崇,2
冥,2
噪,2
玛,2
鼹,2
鸨,2
构,2
楮,2
埔,2
严,2
阀,2
岿,2
漳,2
鹇,2
莳,2
攀,2
彭,2
筠,2
阐,2
踢,2
舛,2
绷,2
坊,2
淆,2
莒,2
妲,2
项,2
兖,2
毓,2
稽,2
湫,2
澍,2
箦,2
耋,2
巨,2
愕,2
鳍,2
躯,2
蒡,2
坂,2
税,2
佰,2
鞭,2
衫,2
缰,2
虔,2
毯,2
薨,2
彼,3
乐,3
订,3
疚,3
妻,3
效,3
验,3
吻,3
抱,3
响,3
引,3
奶,3
硼,3
输,3
料,3
轨,3
倒,3
伞,3
年,3
哦,3
熄,3
豫,3
妇,3
蚀,3
逐,3
骇,3
疝,3
楫,3
色,3
题,3
雌,3
挛,3
翩,3
同,3
佣,3
登,3
倔,3
舒,3
害,3
枭,3
新,3
庚,3
厉,3
悉,3
澎,3
参,3
呓,3
洵,3
腔,3
榴,3
伪,3
屡,3
碎,3
源,3
陛,3
理,3
末,3
趋,3
绿,3
拴,3
介,3
侏,3
仅,3
切,3
蚌,3
迟,3
占,3
潘,3
坎,3
烫,3
榨,3
招,3
药,3
尽,3
凼,3
发,3
咨,3
光,3
连,3
善,3
动,3
俯,3
若,3
瓶,3
散,3
鼎,3
认,3
氙,3
哉,3
箸,3
咐,3
卒,3
吟,3
求,3
弁,3
惩,3
筏,3
姝,3
犄,3
妪,3
耿,3
怵,3
摹,3
啥,3
芬,3
殡,3
讲,3
麓,3
脑,3
蠲,3
锄,3
册,3
嘶,3
恭,3
谈,3
奥,3
亮,3
炮,3
摩,3
稿,3
欣,3
离,3
飞,3
嘉,3
窟,3
佯,3
懈,3
抨,3
皮,3
乒,3
舟,3
爪,3
组,3
著,3
拉,3
驻,3
贾,3
晦,3
翌,3
鸡,3
读,3
胄,3
懂,3
咕,3
兆,3
渴,3
卵,3
柔,3
龟,3
忽,3
偷,3
妾,3
骨,3
吱,3
这,3
允,3
町,3
阆,3
岖,3
仨,3
霜,3
侠,3
误,3
嗽,3
臀,3
屠,3
沿,3
祈,3
劣,3
疤,3
评,3
列,3
辽,3
仔,3
状,3
哽,3
般,3
伤,3
尊,3
池,3
确,3
毗,3
丑,3
奕,3
两,3
丈,3
脸,3
筒,3
潮,3
粕,3
帚,3
捡,3
艺,3
波,3
于,3
别,3
屋,3
修,3
之,3
勺,3
蕴,3
玩,3
泊,3
廿,3
莘,3
扛,3
血,3
穴,3
容,3
聂,3
栎,3
无,3
肿,3
专,3
荧,3
矗,3
得,3
宙,3
污,3
冲,3
闽,3
张,3
则,3
纱,3
笛,3
墨,3
薯,3
具,3
腾,3
接,3
谨,3
捐,3
否,3
妹,3
怜,3
障,3
惊,3
嗜,3
首,3
幼,3
膀,3
咫,3
匙,3
寸,3
液,3
吊,3
毙,3
诸,3
诱,3
度,3
孬,3
自,3
蕊,3
荆,3
络,3
悼,3
丽,3
彤,3
涓,3
丹,3
剧,3
炽,3
荫,3
欲,3
墙,3
条,3
贯,3
娘,3
注,3
醉,3
廉,3
盯,3
销,3
并,3
厢,3
彪,3
暇,3
闸,3
召,3
卞,3
取,3
垃,3
装,3
衬,3
租,3
乏,3
担,3
渐,3
辩,3
钻,3
槽,3
宛,3
鹊,3
次,3
供,3
顷,3
桧,3
觥,3
说,3
魄,3
畛,3
仃,3
奎,3
催,3
票,3
黑,3
吃,3
露,3
驾,3
鸿,3
狂,3
凳,3
漆,3
僧,3
洁,3
羌,3
前,3
滴,3
庙,3
覃,3
郊,3
忿,3
凡,3
曾,3
灿,3
躲,3
南,3
标,3
渠,3
软,3
伉,3
缓,3
敏,3
坡,3
库,3
举,3
检,3
聊,3
秉,3
作,3
笋,3
停,3
馈,3
虎,3
侣,3
机,3
世,3
那,3
眠,3
佗,3
扁,3
浊,3
治,3
枝,3
宜,3
芳,3
房,3
肥,3
汾,3
泪,3
鸣,3
靓,3
皈,3
亟,3
筛,3
此,3
盟,3
演,3
剩,3
看,3
仝,3
钗,3
荔,3
岔,3
辰,3
囵,3
籁,3
妈,3
廊,3
筋,3
落,3
莺,3
防,3
冷,3
榻,3
牮,3
邓,3
斛,3
鸪,3
徒,3
的,3
都,3
触,3
统,3
苟,3
梢,3
各,3
塔,3
晗,3
蓝,3
脚,3
胶,3
牡,3
鹏,3
谧,3
轩,3
骡,3
符,3
靥,3
悬,3
坤,3
菇,3
茴,3
篇,3
杵,3
仵,3
笠,3
彬,3
矿,3
淞,3
涸,3
庇,3
橱,3
庖,3
蒯,3
驳,3
筮,3
棂,3
垒,3
编,3
嵊,3
溆,3
成,4
薪,4
晖,4
炊,4
地,4
梵,4
歼,4
校,4
压,4
货,4
旭,4
仕,4
斗,4
镇,4
述,4
诘,4
彩,4
算,4
歹,4
浒,4
曼,4
诣,4
询,4
直,4
武,4
超,4
靖,4
着,4
室,4
环,4
虫,4
译,4
尹,4
尔,4
郑,4
肴,4
喊,4
督,4
户,4
乘,4
腊,4
风,4
潜,4
丞,4
版,4
夯,4
鞋,4
艰,4
继,4
简,4
衡,4
背,4
蝉,4
辍,4
刊,4
扫,4
茄,4
翁,4
弛,4
烂,4
楷,4
榭,4
弱,4
泛,4
先,4
爻,4
涧,4
哆,4
嫉,4
郎,4
蜻,4
炙,4
升,4
枉,4
氮,4
擞,4
黜,4
呸,4
材,4
愿,4
以,4
骗,4
常,4
恶,4
乳,4
救,4
枯,4
宴,4
孝,4
扑,4
顽,4
麦,4
筝,4
艮,4
细,4
默,4
冒,4
摆,4
磨,4
他,4
足,4
株,4
婵,4
运,4
扉,4
赵,4
耶,4
钦,4
裂,4
感,4
怒,4
蒜,4
爱,4
市,4
昼,4
止,4
驰,4
采,4
粉,4
完,4
孔,4
乱,4
琴,4
毕,4
仇,4
闻,4
巾,4
妥,4
远,4
攸,4
根,4
被,4
节,4
享,4
胥,4
情,4
琼,4
将,4
俏,4
附,4
什,4
油,4
折,4
羔,4
念,4
上,4
职,4
萍,4
笼,4
马,4
倍,4
爸,4
珍,4
桌,4
遭,4
蚁,4
定,4
怦,4
惫,4
勇,4
岛,4
葬,4
蠢,4
摊,4
狱,4
俱,4
营,4
膜,4
蚕,4
讼,4
侮,4
文,4
燕,4
呢,4
禁,4
杭,4
染,4
韭,4
亿,4
吧,4
社,4
仄,4
倘,4
汝,4
汰,4
亭,4
洽,4
估,4
协,4
内,4
戈,4
岚,4
庵,4
喷,4
浔,4
淹,4
周,4
急,4
革,4
味,4
剂,4
臻,4
讽,4
缀,4
勤,4
兼,4
温,4
孕,4
请,4
义,4
醒,4
昨,4
格,4
汇,4
芦,4
析,4
红,4
浴,4
滚,4
财,4
迷,4
意,4
觑,4
莹,4
汀,4
物,4
婶,4
椅,4
配,4
闭,4
虑,4
吞,4
另,4
蹄,4
恋,4
消,4
括,4
苏,4
掷,4
驮,4
浑,4
亩,4
畔,4
贡,4
怪,4
俎,4
胀,4
佚,4
私,4
道,4
诉,4
皖,4
梳,4
希,4
侧,4
积,4
圄,4
婪,4
绮,4
童,4
盼,4
精,4
振,4
炅,4
迢,4
我,4
茗,4
弘,4
昶,4
胜,4
秽,4
葆,4
骑,4
忍,4
邑,4
郴,4
洲,4
滦,4
公,4
缶,4
不,5
么,5
友,5
脱,5
值,5
仆,5
们,5
选,5
吠,5
者,5
控,5
呆,5
独,5
戾,5
乞,5
贫,5
冉,5
旨,5
计,5
秒,5
憩,5
赤,5
夏,5
毛,5
唬,5
知,5
奢,5
玉,5
谬,5
规,5
权,5
征,5
滩,5
慧,5
晏,5
彗,5
鹃,5
赔,5
它,5
静,5
爹,5
很,5
撵,5
劫,5
暗,5
哑,5
瞄,5
刘,5
端,5
任,5
踵,5
智,5
暮,5
州,5
婆,5
弗,5
甥,5
吏,5
性,5
耍,5
漏,5
似,5
支,5
丢,5
委,5
扶,5
婴,5
过,5
谟,5
适,5
昙,5
罢,5
训,5
资,5
欠,5
变,5
姜,5
边,5
雨,5
调,5
佬,5
皓,5
晃,5
琳,5
俩,5
渣,5
阳,5
砍,5
食,5
恕,5
泰,5
趾,5
句,5
令,5
寿,5
舰,5
睛,5
泼,5
跑,5
为,5
畜,5
恒,5
写,5
肤,5
掰,5
泵,5
亡,5
尧,5
艾,5
实,5
夥,5
川,5
坯,5
笨,5
梅,5
佛,5
少,5
昧,5
执,5
咽,5
渔,5
轧,5
颜,5
闯,5
竹,5
走,5
斤,5
君,5
巴,5
烟,5
李,5
空,5
咱,5
圆,5
产,5
尚,5
期,5
莫,5
恨,5
沉,5
呈,5
往,5
翻,5
孤,5
叶,5
捺,5
程,5
嬉,5
伟,5
宣,5
桓,5
队,5
钞,5
影,5
了,5
盒,5
宿,5
旬,5
揩,5
提,5
使,5
水,5
僵,5
而,5
诗,5
笙,5
牵,5
短,5
辆,5
案,5
兑,5
忘,5
位,5
箱,5
除,5
比,5
吵,5
课,5
办,5
闩,5
撑,5
零,5
政,5
媳,5
晨,5
恁,5
筷,5
壬,5
嵩,5
囡,5
痴,5
朵,5
热,5
酬,5
澧,5
储,5
付,6
烛,6
真,6
蕾,6
夹,6
梧,6
北,6
驴,6
受,6
伴,6
胡,6
魂,6
贺,6
瑛,6
袭,6
泉,6
素,6
体,6
息,6
学,6
脂,6
府,6
姿,6
萌,6
勋,6
乍,6
只,6
国,6
亲,6
划,6
便,6
拍,6
扮,6
育,6
圣,6
霉,6
昆,6
师,6
入,6
且,6
声,6
仁,6
利,6
栏,6
涂,6
楂,6
品,6
殊,6
竿,6
带,6
懒,6
汨,6
觉,6
岸,6
替,6
河,6
景,6
乌,6
瑟,6
价,6
忌,6
淼,6
夭,6
骚,6
姚,6
崽,6
豪,6
弄,6
您,6
究,6
化,6
至,6
啬,6
叩,6
史,6
堤,6
沐,6
丕,6
囚,6
起,6
皇,6
馥,6
互,6
还,6
件,6
悟,6
字,6
刮,6
韦,6
妞,6
启,6
侍,6
罪,6
辞,6
仑,6
跌,6
许,6
江,6
甲,6
棉,6
间,6
肚,6
阿,6
获,6
亏,6
兵,6
盘,6
时,6
宁,6
聪,6
禽,6
习,6
骄,6
态,6
怎,6
拼,6
渺,6
寻,6
戏,6
灯,6
甘,6
庆,6
嘴,6
吹,6
甩,6
管,6
外,6
宝,6
咖,6
较,6
邮,6
幸,6
访,6
显,6
叹,6
柬,6
尝,6
倚,6
死,6
信,6
佩,6
故,6
备,6
灭,6
厂,6
县,6
象,6
杠,6
耳,6
姻,6
俗,6
讨,6
床,6
当,6
沽,6
特,6
分,6
玲,6
鑫,6
座,6
桑,6
丝,6
屈,6
函,6
始,7
等,7
患,7
旧,7
昊,7
神,7
秃,7
汞,7
士,7
歌,7
夷,7
面,7
干,7
记,7
易,7
咄,7
联,7
淡,7
西,7
居,7
肖,7
楞,7
拜,7
兹,7
淄,7
愣,7
路,7
芹,7
柯,7
示,7
潸,7
开,7
竟,7
倡,7
龙,7
夺,7
泓,7
羞,7
崛,7
良,7
恳,7
牛,7
医,7
亘,7
姑,7
如,7
枫,7
丘,7
青,7
法,7
鸟,7
匹,7
赫,7
车,7
其,7
签,7
军,7
批,7
肢,7
笑,7
今,7
串,7
杳,7
喜,7
员,7
途,7
网,7
佃,7
恼,7
乃,7
里,7
盖,7
杏,7
该,7
笃,7
歪,7
孙,7
唱,7
皂,7
沁,7
杯,7
宋,7
待,7
伦,7
汪,7
草,7
嫁,7
趣,7
想,7
恩,7
筹,7
纵,7
季,7
蓄,7
闺,7
头,8
对,8
多,8
你,8
磊,8
沪,8
最,8
沙,8
阁,8
八,8
肯,8
旱,8
雷,8
肉,8
力,8
仿,8
罗,8
右,8
省,8
臭,8
伸,8
现,8
孩,8
观,8
堡,8
业,8
仗,8
谜,8
棚,8
董,8
忠,8
炎,8
兴,8
中,8
妩,8
出,8
艳,8
置,8
样,8
怂,8
衍,8
关,8
苦,8
冰,8
哀,8
豆,8
穹,8
夸,8
闷,8
问,8
方,8
娴,8
志,8
侈,8
骂,8
恰,8
村,8
徐,8
琵,8
窍,8
加,8
冯,8
量,8
又,8
尺,8
圭,8
娱,8
寺,8
兀,8
欢,8
错,8
柏,8
汗,8
和,8
免,8
柜,8
更,8
鲁,8
渭,8
粥,8
朱,8
单,8
皆,8
酉,8
阅,8
徊,8
呵,8
恬,8
群,8
巩,8
巫,8
灵,8
棵,8
企,9
来,9
京,9
妙,9
卜,9
平,9
旺,9
果,9
昌,9
闲,9
共,9
闹,9
伯,9
巡,9
拿,9
花,9
俄,9
羽,9
典,9
些,9
做,9
答,9
四,9
半,9
裕,9
六,9
忖,9
谢,9
电,9
衙,9
买,9
本,9
俞,9
扇,9
苗,9
主,9
困,9
查,9
谷,9
仪,9
尘,9
突,9
每,9
五,9
杜,9
园,9
余,9
茁,9
桂,9
借,9
舍,9
麻,9
原,9
姓,10
乖,10
焚,10
九,10
淮,10
斥,10
朝,10
够,10
碧,10
包,10
佳,10
晋,10
语,10
能,10
醋,10
恐,10
子,10
七,10
幽,10
萝,10
山,10
束,10
儿,10
奋,10
筑,10
森,10
射,10
崩,10
哭,10
休,10
千,10
晴,10
要,10
章,10
乙,10
封,10
百,10
奉,10
证,10
荣,10
但,10
丰,10
胃,10
悦,10
淋,10
夙,10
活,11
陪,11
击,11
丸,11
捉,11
固,11
克,11
重,11
天,11
吕,11
杰,11
交,11
吉,11
竞,11
非,11
慎,11
有,11
曲,11
伐,11
辛,11
胆,11
吴,11
岩,11
吾,11
娃,11
鱼,11
噩,11
伏,11
岁,11
小,11
卉,11
腥,11
笔,11
兰,11
帅,11
父,11
星,11
爽,11
竺,11
美,11
贝,11
斌,12
图,12
三,12
团,12
目,12
哗,12
禾,12
晒,12
告,12
鲜,12
立,12
言,12
由,12
个,12
术,12
火,12
庄,12
女,12
丙,12
去,12
男,12
安,12
德,12
是,13
茶,13
可,13
相,13
倩,13
坐,13
汁,13
必,13
闪,13
树,13
润,13
申,13
正,13
几,13
朋,13
元,13
酒,13
移,13
华,13
双,14
雪,14
夫,14
仙,14
土,14
翠,14
奔,14
木,14
午,14
未,14
清,14
从,14
井,14
杂,14
哥,14
门,15
二,15
步,15
夕,15
羊,15
总,15
昔,15
奏,15
尖,15
古,15
湖,15
亚,16
名,16
生,16
秋,16
何,16
湘,16
丁,16
合,16
月,16
保,17
胖,17
好,17
岳,17
工,17
米,18
金,18
音,18
曹,18
哈,18
奇,18
画,18
早,19
回,19
大,19
用,19
会,19
思,19
香,19
众,19
因,19
白,20
旦,20
王,20
汕,20
舌,21
器,21
林,21
心,22
也,22
十,22
卡,22
奈,22
云,24
梦,24
春,25
全,25
日,26
秦,27
丛,28
人,28
晶,31
明,32
口,37
田,52
一,68
